<?xml version="1.0" encoding="UTF-8"?>
<project-private xmlns="http://www.netbeans.org/ns/project-private/1">
    <editor-bookmarks xmlns="http://www.netbeans.org/ns/editor-bookmarks/2" lastBookmarkId="0"/>
    <open-files xmlns="http://www.netbeans.org/ns/projectui-open-files/2">
        <group>
            <file>file:/C:/Users/Alejandro/Documents/MEGA/MEGAsync/DAW/M3/Proyectos/Clinica/src/Application/Clinico.java</file>
            <file>file:/C:/Users/Alejandro/Documents/MEGA/MEGAsync/DAW/M3/Proyectos/Clinica/src/Application/Departamento.java</file>
            <file>file:/C:/Users/Alejandro/Documents/MEGA/MEGAsync/DAW/M3/Proyectos/Clinica/src/Application/Application.java</file>
            <file>file:/C:/Users/Alejandro/Documents/MEGA/MEGAsync/DAW/M3/Proyectos/Clinica/src/Application/Enfermera.java</file>
            <file>file:/C:/Users/Alejandro/Documents/MEGA/MEGAsync/DAW/M3/Proyectos/Clinica/src/Application/Track.java</file>
            <file>file:/C:/Users/Alejandro/Documents/MEGA/MEGAsync/DAW/M3/Proyectos/Clinica/src/Application/Paciente.java</file>
            <file>file:/C:/Users/Alejandro/Documents/MEGA/MEGAsync/DAW/M3/Proyectos/Clinica/src/Application/Element.java</file>
            <file>file:/C:/Users/Alejandro/Documents/MEGA/MEGAsync/DAW/M3/Proyectos/Clinica/src/Application/Person.java</file>
            <file>file:/C:/Users/Alejandro/Documents/MEGA/MEGAsync/DAW/M3/Proyectos/Clinica/src/Application/Doctor.java</file>
        </group>
    </open-files>
</project-private>
